position,tuple,winProbability
front,"[9, 14, 13]",99.9
front,"[9, 14, 5]",99.9
front,"[9, 13, 12]",99.8
front,"[9, 12, 11]",99.7
front,"[9, 11, 10]",99.6
front,"[9, 10, 9]",99.5
front,"[9, 9, 8]",99.4
front,"[9, 8, 7]",99.3
front,"[9, 7, 6]",99.2
front,"[9, 6, 5]",99.1
front,"[9, 5, 4]",99.0
front,"[8, 14, 13]",99.199
front,"[8, 14, 12]",99.198
front,"[8, 14, 11]",99.197
front,"[8, 14, 10]",99.196
front,"[8, 14, 9]",99.195
front,"[8, 14, 8]",99.194
front,"[8, 14, 7]",99.193
front,"[8, 14, 6]",99.192
front,"[8, 14, 5]",99.191
front,"[8, 14, 4]",99.19
front,"[8, 14, 3]",99.189
front,"[8, 14, 2]",99.188
front,"[8, 13, 14]",99.1
front,"[8, 13, 12]",99.098
front,"[8, 13, 11]",99.097
front,"[8, 13, 10]",99.096
front,"[8, 13, 9]",99.095
front,"[8, 13, 8]",99.094
front,"[8, 13, 7]",99.093
front,"[8, 13, 6]",99.092
front,"[8, 13, 5]",99.091
front,"[8, 13, 4]",99.09
front,"[8, 13, 3]",99.089
front,"[8, 13, 2]",99.088
front,"[8, 12, 14]",99.0
front,"[8, 12, 13]",98.999
front,"[8, 12, 11]",98.997
front,"[8, 12, 10]",98.996
front,"[8, 12, 9]",98.995
front,"[8, 12, 8]",98.994
front,"[8, 12, 7]",98.993
front,"[8, 12, 6]",98.992
front,"[8, 12, 5]",98.991
front,"[8, 12, 4]",98.99
front,"[8, 12, 3]",98.989
front,"[8, 12, 2]",98.988
front,"[8, 11, 14]",98.9
front,"[8, 11, 13]",98.899
front,"[8, 11, 12]",98.898
front,"[8, 11, 10]",98.896
front,"[8, 11, 9]",98.895
front,"[8, 11, 8]",98.894
front,"[8, 11, 7]",98.893
front,"[8, 11, 6]",98.892
front,"[8, 11, 5]",98.891
front,"[8, 11, 4]",98.89
front,"[8, 11, 3]",98.889
front,"[8, 11, 2]",98.888
front,"[8, 10, 14]",98.8
front,"[8, 10, 13]",98.799
front,"[8, 10, 12]",98.798
front,"[8, 10, 11]",98.797
front,"[8, 10, 9]",98.795
front,"[8, 10, 8]",98.794
front,"[8, 10, 7]",98.793
front,"[8, 10, 6]",98.792
front,"[8, 10, 5]",98.791
front,"[8, 10, 4]",98.79
front,"[8, 10, 3]",98.789
front,"[8, 10, 2]",98.788
front,"[8, 9, 14]",98.7
front,"[8, 9, 13]",98.699
front,"[8, 9, 12]",98.698
front,"[8, 9, 11]",98.697
front,"[8, 9, 10]",98.696
front,"[8, 9, 8]",98.694
front,"[8, 9, 7]",98.693
front,"[8, 9, 6]",98.692
front,"[8, 9, 5]",98.691
front,"[8, 9, 4]",98.69
front,"[8, 9, 3]",98.689
front,"[8, 9, 2]",98.688
front,"[8, 8, 14]",98.6
front,"[8, 8, 13]",98.599
front,"[8, 8, 12]",98.598
front,"[8, 8, 11]",98.597
front,"[8, 8, 10]",98.596
front,"[8, 8, 9]",98.595
front,"[8, 8, 7]",98.593
front,"[8, 8, 6]",98.592
front,"[8, 8, 5]",98.591
front,"[8, 8, 4]",98.59
front,"[8, 8, 3]",98.589
front,"[8, 8, 2]",98.588
front,"[8, 7, 14]",98.5
front,"[8, 7, 13]",98.499
front,"[8, 7, 12]",98.498
front,"[8, 7, 11]",98.497
front,"[8, 7, 10]",98.496
front,"[8, 7, 9]",98.495
front,"[8, 7, 8]",98.494
front,"[8, 7, 6]",98.492
front,"[8, 7, 5]",98.491
front,"[8, 7, 4]",98.49
front,"[8, 7, 3]",98.489
front,"[8, 7, 2]",98.488
front,"[8, 6, 14]",98.4
front,"[8, 6, 13]",98.399
front,"[8, 6, 12]",98.398
front,"[8, 6, 11]",98.397
front,"[8, 6, 10]",98.396
front,"[8, 6, 9]",98.395
front,"[8, 6, 8]",98.394
front,"[8, 6, 7]",98.393
front,"[8, 6, 5]",98.391
front,"[8, 6, 4]",98.39
front,"[8, 6, 3]",98.389
front,"[8, 6, 2]",98.388
front,"[8, 5, 14]",98.3
front,"[8, 5, 13]",98.299
front,"[8, 5, 12]",98.298
front,"[8, 5, 11]",98.297
front,"[8, 5, 10]",98.296
front,"[8, 5, 9]",98.295
front,"[8, 5, 8]",98.294
front,"[8, 5, 7]",98.293
front,"[8, 5, 6]",98.292
front,"[8, 5, 4]",98.29
front,"[8, 5, 3]",98.289
front,"[8, 5, 2]",98.288
front,"[8, 4, 14]",98.2
front,"[8, 4, 13]",98.199
front,"[8, 4, 12]",98.198
front,"[8, 4, 11]",98.197
front,"[8, 4, 10]",98.196
front,"[8, 4, 9]",98.195
front,"[8, 4, 8]",98.194
front,"[8, 4, 7]",98.193
front,"[8, 4, 6]",98.192
front,"[8, 4, 5]",98.191
front,"[8, 4, 3]",98.189
front,"[8, 4, 2]",98.188
front,"[8, 3, 14]",98.1
front,"[8, 3, 13]",98.099
front,"[8, 3, 12]",98.098
front,"[8, 3, 11]",98.097
front,"[8, 3, 10]",98.096
front,"[8, 3, 9]",98.095
front,"[8, 3, 8]",98.094
front,"[8, 3, 7]",98.093
front,"[8, 3, 6]",98.092
front,"[8, 3, 5]",98.091
front,"[8, 3, 4]",98.09
front,"[8, 3, 2]",98.088
front,"[8, 2, 14]",98.0
front,"[8, 2, 13]",97.999
front,"[8, 2, 12]",97.998
front,"[8, 2, 11]",97.997
front,"[8, 2, 10]",97.996
front,"[8, 2, 9]",97.995
front,"[8, 2, 8]",97.994
front,"[8, 2, 7]",97.993
front,"[8, 2, 6]",97.992
front,"[8, 2, 5]",97.991
front,"[8, 2, 4]",97.99
front,"[8, 2, 3]",97.989
front,"[7, 14, 2]",98.2
front,"[7, 14, 3]",98.2
front,"[7, 14, 4]",98.2
front,"[7, 14, 5]",98.2
front,"[7, 14, 6]",98.2
front,"[7, 14, 7]",98.2
front,"[7, 14, 8]",98.2
front,"[7, 14, 9]",98.2
front,"[7, 14, 10]",98.2
front,"[7, 14, 11]",98.2
front,"[7, 14, 12]",98.2
front,"[7, 14, 13]",98.2
front,"[7, 13, 2]",98.1
front,"[7, 13, 3]",98.1
front,"[7, 13, 4]",98.1
front,"[7, 13, 5]",98.1
front,"[7, 13, 6]",98.1
front,"[7, 13, 7]",98.1
front,"[7, 13, 8]",98.1
front,"[7, 13, 9]",98.1
front,"[7, 13, 10]",98.1
front,"[7, 13, 11]",98.1
front,"[7, 13, 12]",98.1
front,"[7, 13, 14]",98.1
front,"[7, 12, 2]",98.0
front,"[7, 12, 3]",98.0
front,"[7, 12, 4]",98.0
front,"[7, 12, 5]",98.0
front,"[7, 12, 6]",98.0
front,"[7, 12, 7]",98.0
front,"[7, 12, 8]",98.0
front,"[7, 12, 9]",98.0
front,"[7, 12, 10]",98.0
front,"[7, 12, 11]",98.0
front,"[7, 12, 13]",98.0
front,"[7, 12, 14]",98.0
front,"[7, 11, 2]",97.9
front,"[7, 11, 3]",97.9
front,"[7, 11, 4]",97.9
front,"[7, 11, 5]",97.9
front,"[7, 11, 6]",97.9
front,"[7, 11, 7]",97.9
front,"[7, 11, 8]",97.9
front,"[7, 11, 9]",97.9
front,"[7, 11, 10]",97.9
front,"[7, 11, 12]",97.9
front,"[7, 11, 13]",97.9
front,"[7, 11, 14]",97.9
front,"[7, 10, 2]",97.8
front,"[7, 10, 3]",97.8
front,"[7, 10, 4]",97.8
front,"[7, 10, 5]",97.8
front,"[7, 10, 6]",97.8
front,"[7, 10, 7]",97.8
front,"[7, 10, 8]",97.8
front,"[7, 10, 9]",97.8
front,"[7, 10, 11]",97.8
front,"[7, 10, 12]",97.8
front,"[7, 10, 13]",97.8
front,"[7, 10, 14]",97.8
front,"[7, 9, 2]",97.7
front,"[7, 9, 3]",97.7
front,"[7, 9, 4]",97.7
front,"[7, 9, 5]",97.7
front,"[7, 9, 6]",97.7
front,"[7, 9, 7]",97.7
front,"[7, 9, 8]",97.7
front,"[7, 9, 10]",97.7
front,"[7, 9, 11]",97.7
front,"[7, 9, 12]",97.7
front,"[7, 9, 13]",97.7
front,"[7, 9, 14]",97.7
front,"[7, 8, 2]",97.6
front,"[7, 8, 3]",97.6
front,"[7, 8, 4]",97.6
front,"[7, 8, 5]",97.6
front,"[7, 8, 6]",97.6
front,"[7, 8, 7]",97.6
front,"[7, 8, 9]",97.6
front,"[7, 8, 10]",97.6
front,"[7, 8, 11]",97.6
front,"[7, 8, 12]",97.6
front,"[7, 8, 13]",97.6
front,"[7, 8, 14]",97.6
front,"[7, 7, 2]",97.5
front,"[7, 7, 3]",97.5
front,"[7, 7, 4]",97.5
front,"[7, 7, 5]",97.5
front,"[7, 7, 6]",97.5
front,"[7, 7, 8]",97.5
front,"[7, 7, 9]",97.5
front,"[7, 7, 10]",97.5
front,"[7, 7, 11]",97.5
front,"[7, 7, 12]",97.5
front,"[7, 7, 13]",97.5
front,"[7, 7, 14]",97.5
front,"[7, 6, 2]",97.4
front,"[7, 6, 3]",97.4
front,"[7, 6, 4]",97.4
front,"[7, 6, 5]",97.4
front,"[7, 6, 7]",97.4
front,"[7, 6, 8]",97.4
front,"[7, 6, 9]",97.4
front,"[7, 6, 10]",97.4
front,"[7, 6, 11]",97.4
front,"[7, 6, 12]",97.4
front,"[7, 6, 13]",97.4
front,"[7, 6, 14]",97.4
front,"[7, 5, 2]",97.3
front,"[7, 5, 3]",97.3
front,"[7, 5, 4]",97.3
front,"[7, 5, 6]",97.3
front,"[7, 5, 7]",97.3
front,"[7, 5, 8]",97.3
front,"[7, 5, 9]",97.3
front,"[7, 5, 10]",97.3
front,"[7, 5, 11]",97.3
front,"[7, 5, 12]",97.3
front,"[7, 5, 13]",97.3
front,"[7, 5, 14]",97.3
front,"[7, 4, 2]",97.2
front,"[7, 4, 3]",97.2
front,"[7, 4, 5]",97.2
front,"[7, 4, 6]",97.2
front,"[7, 4, 7]",97.2
front,"[7, 4, 8]",97.2
front,"[7, 4, 9]",97.2
front,"[7, 4, 10]",97.2
front,"[7, 4, 11]",97.2
front,"[7, 4, 12]",97.2
front,"[7, 4, 13]",97.2
front,"[7, 4, 14]",97.2
front,"[7, 3, 2]",97.1
front,"[7, 3, 4]",97.1
front,"[7, 3, 5]",97.1
front,"[7, 3, 6]",97.1
front,"[7, 3, 7]",97.1
front,"[7, 3, 8]",97.1
front,"[7, 3, 9]",97.1
front,"[7, 3, 10]",97.1
front,"[7, 3, 11]",97.1
front,"[7, 3, 12]",97.1
front,"[7, 3, 13]",97.1
front,"[7, 3, 14]",97.1
front,"[7, 2, 3]",97.0
front,"[7, 2, 4]",97.0
front,"[7, 2, 5]",97.0
front,"[7, 2, 6]",97.0
front,"[7, 2, 7]",97.0
front,"[7, 2, 8]",97.0
front,"[7, 2, 9]",97.0
front,"[7, 2, 10]",97.0
front,"[7, 2, 11]",97.0
front,"[7, 2, 12]",97.0
front,"[7, 2, 13]",97.0
front,"[7, 2, 14]",97.0
front,"[6, 14, 2]",93.8
front,"[6, 14, 3]",93.8
front,"[6, 14, 4]",93.8
front,"[6, 14, 5]",93.8
front,"[6, 14, 6]",93.8
front,"[6, 14, 7]",93.8
front,"[6, 14, 8]",93.8
front,"[6, 14, 9]",93.8
front,"[6, 14, 10]",93.8
front,"[6, 14, 11]",93.8
front,"[6, 14, 12]",93.8
front,"[6, 14, 13]",93.8
front,"[6, 13, 2]",92.9
front,"[6, 13, 3]",92.9
front,"[6, 13, 4]",92.9
front,"[6, 13, 5]",92.9
front,"[6, 13, 6]",92.9
front,"[6, 13, 7]",92.9
front,"[6, 13, 8]",92.9
front,"[6, 13, 9]",92.9
front,"[6, 13, 10]",92.9
front,"[6, 13, 11]",92.9
front,"[6, 13, 12]",92.9
front,"[6, 12, 2]",92.0
front,"[6, 12, 3]",92.0
front,"[6, 12, 4]",92.0
front,"[6, 12, 5]",92.0
front,"[6, 12, 6]",92.0
front,"[6, 12, 7]",92.0
front,"[6, 12, 8]",92.0
front,"[6, 12, 9]",92.0
front,"[6, 12, 10]",92.0
front,"[6, 12, 11]",92.0
front,"[6, 11, 2]",91.1
front,"[6, 11, 3]",91.1
front,"[6, 11, 4]",91.1
front,"[6, 11, 5]",91.1
front,"[6, 11, 6]",91.1
front,"[6, 11, 7]",91.1
front,"[6, 11, 8]",91.1
front,"[6, 11, 9]",91.1
front,"[6, 11, 10]",91.1
front,"[6, 10, 2]",90.2
front,"[6, 10, 3]",90.2
front,"[6, 10, 4]",90.2
front,"[6, 10, 5]",90.2
front,"[6, 10, 6]",90.2
front,"[6, 10, 7]",90.2
front,"[6, 10, 8]",90.2
front,"[6, 10, 9]",90.2
front,"[6, 9, 2]",89.3
front,"[6, 9, 3]",89.3
front,"[6, 9, 4]",89.3
front,"[6, 9, 5]",89.3
front,"[6, 9, 6]",89.3
front,"[6, 9, 7]",89.3
front,"[6, 9, 8]",89.3
front,"[6, 8, 2]",88.4
front,"[6, 8, 3]",88.4
front,"[6, 8, 4]",88.4
front,"[6, 8, 5]",88.4
front,"[6, 8, 6]",88.4
front,"[6, 8, 7]",88.4
front,"[6, 7, 2]",87.5
front,"[6, 7, 3]",87.5
front,"[6, 7, 4]",87.5
front,"[6, 7, 5]",87.5
front,"[6, 7, 6]",87.5
front,"[6, 6, 2]",86.6
front,"[6, 6, 3]",86.6
front,"[6, 6, 4]",86.6
front,"[6, 6, 5]",86.6
front,"[6, 5, 2]",85.7
front,"[6, 5, 3]",85.7
front,"[6, 5, 4]",85.7
front,"[6, 4, 2]",84.8
front,"[6, 4, 3]",84.8
front,"[6, 3, 2]",83.9
front,"[5, 14, 13]",72.4
front,"[5, 14, 5]",72.4
front,"[5, 13, 12]",70.8
front,"[5, 12, 11]",69.2
front,"[5, 11, 10]",67.6
front,"[5, 10, 9]",66.0
front,"[5, 9, 8]",64.4
front,"[5, 8, 7]",62.8
front,"[5, 7, 6]",61.2
front,"[5, 6, 5]",59.6
front,"[5, 5, 4]",58.0
front,"[4, 14]",57.0
front,"[4, 13]",56.0
front,"[4, 12]",55.0
front,"[4, 11]",54.0
front,"[4, 10]",53.0
front,"[4, 9]",52.0
front,"[4, 8]",51.0
front,"[4, 7]",50.0
front,"[4, 6]",49.0
front,"[4, 5]",48.0
front,"[4, 4]",47.0
front,"[4, 3]",46.0
front,"[4, 2]",45.0
front,"[2, 14, 13]",34.799
front,"[2, 14, 12]",34.798
front,"[2, 14, 11]",34.797
front,"[2, 14, 10]",34.796
front,"[2, 14, 9]",34.795
front,"[2, 14, 8]",34.794
front,"[2, 14, 7]",34.793
front,"[2, 14, 6]",34.792
front,"[2, 14, 5]",34.791
front,"[2, 14, 4]",34.79
front,"[2, 14, 3]",34.789
front,"[2, 14, 2]",34.788
front,"[2, 13, 14]",33.4
front,"[2, 13, 12]",33.398
front,"[2, 13, 11]",33.397
front,"[2, 13, 10]",33.396
front,"[2, 13, 9]",33.395
front,"[2, 13, 8]",33.394
front,"[2, 13, 7]",33.393
front,"[2, 13, 6]",33.392
front,"[2, 13, 5]",33.391
front,"[2, 13, 4]",33.39
front,"[2, 13, 3]",33.389
front,"[2, 13, 2]",33.388
front,"[2, 12, 14]",32.0
front,"[2, 12, 13]",31.999
front,"[2, 12, 11]",31.997
front,"[2, 12, 10]",31.996
front,"[2, 12, 9]",31.995
front,"[2, 12, 8]",31.994
front,"[2, 12, 7]",31.993
front,"[2, 12, 6]",31.992
front,"[2, 12, 5]",31.991
front,"[2, 12, 4]",31.99
front,"[2, 12, 3]",31.989
front,"[2, 12, 2]",31.988
front,"[2, 11, 14]",30.6
front,"[2, 11, 13]",30.599
front,"[2, 11, 12]",30.598
front,"[2, 11, 10]",30.596
front,"[2, 11, 9]",30.595
front,"[2, 11, 8]",30.594
front,"[2, 11, 7]",30.593
front,"[2, 11, 6]",30.592
front,"[2, 11, 5]",30.591
front,"[2, 11, 4]",30.59
front,"[2, 11, 3]",30.589
front,"[2, 11, 2]",30.588
front,"[2, 10, 14]",29.2
front,"[2, 10, 13]",29.199
front,"[2, 10, 12]",29.198
front,"[2, 10, 11]",29.197
front,"[2, 10, 9]",29.195
front,"[2, 10, 8]",29.194
front,"[2, 10, 7]",29.193
front,"[2, 10, 6]",29.192
front,"[2, 10, 5]",29.191
front,"[2, 10, 4]",29.19
front,"[2, 10, 3]",29.189
front,"[2, 10, 2]",29.188
front,"[2, 9, 14]",27.8
front,"[2, 9, 13]",27.799
front,"[2, 9, 12]",27.798
front,"[2, 9, 11]",27.797
front,"[2, 9, 10]",27.796
front,"[2, 9, 8]",27.794
front,"[2, 9, 7]",27.793
front,"[2, 9, 6]",27.792
front,"[2, 9, 5]",27.791
front,"[2, 9, 4]",27.79
front,"[2, 9, 3]",27.789
front,"[2, 9, 2]",27.788
front,"[2, 8, 14]",26.4
front,"[2, 8, 13]",26.399
front,"[2, 8, 12]",26.398
front,"[2, 8, 11]",26.397
front,"[2, 8, 10]",26.396
front,"[2, 8, 9]",26.395
front,"[2, 8, 7]",26.393
front,"[2, 8, 6]",26.392
front,"[2, 8, 5]",26.391
front,"[2, 8, 4]",26.39
front,"[2, 8, 3]",26.389
front,"[2, 8, 2]",26.388
front,"[2, 7, 14]",25.0
front,"[2, 7, 13]",24.999
front,"[2, 7, 12]",24.998
front,"[2, 7, 11]",24.997
front,"[2, 7, 10]",24.996
front,"[2, 7, 9]",24.995
front,"[2, 7, 8]",24.994
front,"[2, 7, 6]",24.992
front,"[2, 7, 5]",24.991
front,"[2, 7, 4]",24.99
front,"[2, 7, 3]",24.989
front,"[2, 7, 2]",24.988
front,"[2, 6, 14]",23.6
front,"[2, 6, 13]",23.599
front,"[2, 6, 12]",23.598
front,"[2, 6, 11]",23.597
front,"[2, 6, 10]",23.596
front,"[2, 6, 9]",23.595
front,"[2, 6, 8]",23.594
front,"[2, 6, 7]",23.593
front,"[2, 6, 5]",23.591
front,"[2, 6, 4]",23.59
front,"[2, 6, 3]",23.589
front,"[2, 6, 2]",23.588
front,"[2, 5, 14]",22.2
front,"[2, 5, 13]",22.199
front,"[2, 5, 12]",22.198
front,"[2, 5, 11]",22.197
front,"[2, 5, 10]",22.196
front,"[2, 5, 9]",22.195
front,"[2, 5, 8]",22.194
front,"[2, 5, 7]",22.193
front,"[2, 5, 6]",22.192
front,"[2, 5, 4]",22.19
front,"[2, 5, 3]",22.189
front,"[2, 5, 2]",22.188
front,"[2, 4, 14]",20.8
front,"[2, 4, 13]",20.799
front,"[2, 4, 12]",20.798
front,"[2, 4, 11]",20.797
front,"[2, 4, 10]",20.796
front,"[2, 4, 9]",20.795
front,"[2, 4, 8]",20.794
front,"[2, 4, 7]",20.793
front,"[2, 4, 6]",20.792
front,"[2, 4, 5]",20.791
front,"[2, 4, 3]",20.789
front,"[2, 4, 2]",20.788
front,"[2, 3, 14]",19.4
front,"[2, 3, 13]",19.399
front,"[2, 3, 12]",19.398
front,"[2, 3, 11]",19.397
front,"[2, 3, 10]",19.396
front,"[2, 3, 9]",19.395
front,"[2, 3, 8]",19.394
front,"[2, 3, 7]",19.393
front,"[2, 3, 6]",19.392
front,"[2, 3, 5]",19.391
front,"[2, 3, 4]",19.39
front,"[2, 3, 2]",19.388
front,"[2, 2, 14]",18.0
front,"[2, 2, 13]",17.999
front,"[2, 2, 12]",17.998
front,"[2, 2, 11]",17.997
front,"[2, 2, 10]",17.996
front,"[2, 2, 9]",17.995
front,"[2, 2, 8]",17.994
front,"[2, 2, 7]",17.993
front,"[2, 2, 6]",17.992
front,"[2, 2, 5]",17.991
front,"[2, 2, 4]",17.99
front,"[2, 2, 3]",17.989
front,"[1, 14, 2]",8.0
front,"[1, 14, 3]",8.0
front,"[1, 14, 4]",8.0
front,"[1, 14, 5]",8.0
front,"[1, 14, 6]",8.0
front,"[1, 14, 7]",8.0
front,"[1, 14, 8]",8.0
front,"[1, 14, 9]",8.0
front,"[1, 14, 10]",8.0
front,"[1, 14, 11]",8.0
front,"[1, 14, 12]",8.0
front,"[1, 14, 13]",8.0
front,"[1, 13, 2]",7.33
front,"[1, 13, 3]",7.33
front,"[1, 13, 4]",7.33
front,"[1, 13, 5]",7.33
front,"[1, 13, 6]",7.33
front,"[1, 13, 7]",7.33
front,"[1, 13, 8]",7.33
front,"[1, 13, 9]",7.33
front,"[1, 13, 10]",7.33
front,"[1, 13, 11]",7.33
front,"[1, 13, 12]",7.33
front,"[1, 12, 2]",6.67
front,"[1, 12, 3]",6.67
front,"[1, 12, 4]",6.67
front,"[1, 12, 5]",6.67
front,"[1, 12, 6]",6.67
front,"[1, 12, 7]",6.67
front,"[1, 12, 8]",6.67
front,"[1, 12, 9]",6.67
front,"[1, 12, 10]",6.67
front,"[1, 12, 11]",6.67
front,"[1, 11, 2]",6.0
front,"[1, 11, 3]",6.0
front,"[1, 11, 4]",6.0
front,"[1, 11, 5]",6.0
front,"[1, 11, 6]",6.0
front,"[1, 11, 7]",6.0
front,"[1, 11, 8]",6.0
front,"[1, 11, 9]",6.0
front,"[1, 11, 10]",6.0
front,"[1, 10, 2]",5.33
front,"[1, 10, 3]",5.33
front,"[1, 10, 4]",5.33
front,"[1, 10, 5]",5.33
front,"[1, 10, 6]",5.33
front,"[1, 10, 7]",5.33
front,"[1, 10, 8]",5.33
front,"[1, 10, 9]",5.33
front,"[1, 9, 2]",4.67
front,"[1, 9, 3]",4.67
front,"[1, 9, 4]",4.67
front,"[1, 9, 5]",4.67
front,"[1, 9, 6]",4.67
front,"[1, 9, 7]",4.67
front,"[1, 9, 8]",4.67
front,"[1, 8, 2]",4.0
front,"[1, 8, 3]",4.0
front,"[1, 8, 4]",4.0
front,"[1, 8, 5]",4.0
front,"[1, 8, 6]",4.0
front,"[1, 8, 7]",4.0
front,"[1, 7, 2]",3.33
front,"[1, 7, 3]",3.33
front,"[1, 7, 4]",3.33
front,"[1, 7, 5]",3.33
front,"[1, 7, 6]",3.33
front,"[1, 6, 2]",2.67
front,"[1, 6, 3]",2.67
front,"[1, 6, 4]",2.67
front,"[1, 6, 5]",2.67
front,"[1, 5, 2]",2.0
front,"[1, 5, 3]",2.0
front,"[1, 5, 4]",2.0
front,"[1, 4, 2]",1.33
front,"[1, 4, 3]",1.33
front,"[1, 3, 2]",0.67
middle,"[10, 14]",100.0
middle,"[10, 13]",100.0
middle,"[10, 12]",100.0
middle,"[10, 11]",100.0
middle,"[10, 10]",100.0
middle,"[10, 9]",100.0
middle,"[10, 8]",100.0
middle,"[10, 7]",100.0
middle,"[10, 6]",100.0
middle,"[10, 5]",100.0
middle,"[10, 4]",100.0
middle,"[10, 3]",100.0
middle,"[10, 2]",100.0
middle,"[9, 14, 13]",99.9
middle,"[9, 14, 5]",99.9
middle,"[9, 13, 12]",99.9
middle,"[9, 12, 11]",99.9
middle,"[9, 11, 10]",99.9
middle,"[9, 10, 9]",99.9
middle,"[9, 9, 8]",99.9
middle,"[9, 8, 7]",99.9
middle,"[9, 7, 6]",99.9
middle,"[9, 6, 5]",99.9
middle,"[9, 5, 4]",99.9
middle,"[8, 14, 13]",99.799
middle,"[8, 14, 12]",99.798
middle,"[8, 14, 11]",99.797
middle,"[8, 14, 10]",99.796
middle,"[8, 14, 9]",99.795
middle,"[8, 14, 8]",99.794
middle,"[8, 14, 7]",99.793
middle,"[8, 14, 6]",99.792
middle,"[8, 14, 5]",99.791
middle,"[8, 14, 4]",99.79
middle,"[8, 14, 3]",99.789
middle,"[8, 14, 2]",99.788
middle,"[8, 13, 14]",99.4
middle,"[8, 13, 12]",99.398
middle,"[8, 13, 11]",99.397
middle,"[8, 13, 10]",99.396
middle,"[8, 13, 9]",99.395
middle,"[8, 13, 8]",99.394
middle,"[8, 13, 7]",99.393
middle,"[8, 13, 6]",99.392
middle,"[8, 13, 5]",99.391
middle,"[8, 13, 4]",99.39
middle,"[8, 13, 3]",99.389
middle,"[8, 13, 2]",99.388
middle,"[8, 12, 14]",99.0
middle,"[8, 12, 13]",98.999
middle,"[8, 12, 11]",98.997
middle,"[8, 12, 10]",98.996
middle,"[8, 12, 9]",98.995
middle,"[8, 12, 8]",98.994
middle,"[8, 12, 7]",98.993
middle,"[8, 12, 6]",98.992
middle,"[8, 12, 5]",98.991
middle,"[8, 12, 4]",98.99
middle,"[8, 12, 3]",98.989
middle,"[8, 12, 2]",98.988
middle,"[8, 11, 14]",98.6
middle,"[8, 11, 13]",98.599
middle,"[8, 11, 12]",98.598
middle,"[8, 11, 10]",98.596
middle,"[8, 11, 9]",98.595
middle,"[8, 11, 8]",98.594
middle,"[8, 11, 7]",98.593
middle,"[8, 11, 6]",98.592
middle,"[8, 11, 5]",98.591
middle,"[8, 11, 4]",98.59
middle,"[8, 11, 3]",98.589
middle,"[8, 11, 2]",98.588
middle,"[8, 10, 14]",98.2
middle,"[8, 10, 13]",98.199
middle,"[8, 10, 12]",98.198
middle,"[8, 10, 11]",98.197
middle,"[8, 10, 9]",98.195
middle,"[8, 10, 8]",98.194
middle,"[8, 10, 7]",98.193
middle,"[8, 10, 6]",98.192
middle,"[8, 10, 5]",98.191
middle,"[8, 10, 4]",98.19
middle,"[8, 10, 3]",98.189
middle,"[8, 10, 2]",98.188
middle,"[8, 9, 14]",97.8
middle,"[8, 9, 13]",97.799
middle,"[8, 9, 12]",97.798
middle,"[8, 9, 11]",97.797
middle,"[8, 9, 10]",97.796
middle,"[8, 9, 8]",97.794
middle,"[8, 9, 7]",97.793
middle,"[8, 9, 6]",97.792
middle,"[8, 9, 5]",97.791
middle,"[8, 9, 4]",97.79
middle,"[8, 9, 3]",97.789
middle,"[8, 9, 2]",97.788
middle,"[8, 8, 14]",97.4
middle,"[8, 8, 13]",97.399
middle,"[8, 8, 12]",97.398
middle,"[8, 8, 11]",97.397
middle,"[8, 8, 10]",97.396
middle,"[8, 8, 9]",97.395
middle,"[8, 8, 7]",97.393
middle,"[8, 8, 6]",97.392
middle,"[8, 8, 5]",97.391
middle,"[8, 8, 4]",97.39
middle,"[8, 8, 3]",97.389
middle,"[8, 8, 2]",97.388
middle,"[8, 7, 14]",97.0
middle,"[8, 7, 13]",96.999
middle,"[8, 7, 12]",96.998
middle,"[8, 7, 11]",96.997
middle,"[8, 7, 10]",96.996
middle,"[8, 7, 9]",96.995
middle,"[8, 7, 8]",96.994
middle,"[8, 7, 6]",96.992
middle,"[8, 7, 5]",96.991
middle,"[8, 7, 4]",96.99
middle,"[8, 7, 3]",96.989
middle,"[8, 7, 2]",96.988
middle,"[8, 6, 14]",96.6
middle,"[8, 6, 13]",96.599
middle,"[8, 6, 12]",96.598
middle,"[8, 6, 11]",96.597
middle,"[8, 6, 10]",96.596
middle,"[8, 6, 9]",96.595
middle,"[8, 6, 8]",96.594
middle,"[8, 6, 7]",96.593
middle,"[8, 6, 5]",96.591
middle,"[8, 6, 4]",96.59
middle,"[8, 6, 3]",96.589
middle,"[8, 6, 2]",96.588
middle,"[8, 5, 14]",96.2
middle,"[8, 5, 13]",96.199
middle,"[8, 5, 12]",96.198
middle,"[8, 5, 11]",96.197
middle,"[8, 5, 10]",96.196
middle,"[8, 5, 9]",96.195
middle,"[8, 5, 8]",96.194
middle,"[8, 5, 7]",96.193
middle,"[8, 5, 6]",96.192
middle,"[8, 5, 4]",96.19
middle,"[8, 5, 3]",96.189
middle,"[8, 5, 2]",96.188
middle,"[8, 4, 14]",95.8
middle,"[8, 4, 13]",95.799
middle,"[8, 4, 12]",95.798
middle,"[8, 4, 11]",95.797
middle,"[8, 4, 10]",95.796
middle,"[8, 4, 9]",95.795
middle,"[8, 4, 8]",95.794
middle,"[8, 4, 7]",95.793
middle,"[8, 4, 6]",95.792
middle,"[8, 4, 5]",95.791
middle,"[8, 4, 3]",95.789
middle,"[8, 4, 2]",95.788
middle,"[8, 3, 14]",95.4
middle,"[8, 3, 13]",95.399
middle,"[8, 3, 12]",95.398
middle,"[8, 3, 11]",95.397
middle,"[8, 3, 10]",95.396
middle,"[8, 3, 9]",95.395
middle,"[8, 3, 8]",95.394
middle,"[8, 3, 7]",95.393
middle,"[8, 3, 6]",95.392
middle,"[8, 3, 5]",95.391
middle,"[8, 3, 4]",95.39
middle,"[8, 3, 2]",95.388
middle,"[8, 2, 14]",95.0
middle,"[8, 2, 13]",94.999
middle,"[8, 2, 12]",94.998
middle,"[8, 2, 11]",94.997
middle,"[8, 2, 10]",94.996
middle,"[8, 2, 9]",94.995
middle,"[8, 2, 8]",94.994
middle,"[8, 2, 7]",94.993
middle,"[8, 2, 6]",94.992
middle,"[8, 2, 5]",94.991
middle,"[8, 2, 4]",94.99
middle,"[8, 2, 3]",94.989
middle,"[7, 14, 2]",86.2
middle,"[7, 14, 3]",86.2
middle,"[7, 14, 4]",86.2
middle,"[7, 14, 5]",86.2
middle,"[7, 14, 6]",86.2
middle,"[7, 14, 7]",86.2
middle,"[7, 14, 8]",86.2
middle,"[7, 14, 9]",86.2
middle,"[7, 14, 10]",86.2
middle,"[7, 14, 11]",86.2
middle,"[7, 14, 12]",86.2
middle,"[7, 14, 13]",86.2
middle,"[7, 13, 2]",84.6
middle,"[7, 13, 3]",84.6
middle,"[7, 13, 4]",84.6
middle,"[7, 13, 5]",84.6
middle,"[7, 13, 6]",84.6
middle,"[7, 13, 7]",84.6
middle,"[7, 13, 8]",84.6
middle,"[7, 13, 9]",84.6
middle,"[7, 13, 10]",84.6
middle,"[7, 13, 11]",84.6
middle,"[7, 13, 12]",84.6
middle,"[7, 13, 14]",84.6
middle,"[7, 12, 2]",83.0
middle,"[7, 12, 3]",83.0
middle,"[7, 12, 4]",83.0
middle,"[7, 12, 5]",83.0
middle,"[7, 12, 6]",83.0
middle,"[7, 12, 7]",83.0
middle,"[7, 12, 8]",83.0
middle,"[7, 12, 9]",83.0
middle,"[7, 12, 10]",83.0
middle,"[7, 12, 11]",83.0
middle,"[7, 12, 13]",83.0
middle,"[7, 12, 14]",83.0
middle,"[7, 11, 2]",81.4
middle,"[7, 11, 3]",81.4
middle,"[7, 11, 4]",81.4
middle,"[7, 11, 5]",81.4
middle,"[7, 11, 6]",81.4
middle,"[7, 11, 7]",81.4
middle,"[7, 11, 8]",81.4
middle,"[7, 11, 9]",81.4
middle,"[7, 11, 10]",81.4
middle,"[7, 11, 12]",81.4
middle,"[7, 11, 13]",81.4
middle,"[7, 11, 14]",81.4
middle,"[7, 10, 2]",79.8
middle,"[7, 10, 3]",79.8
middle,"[7, 10, 4]",79.8
middle,"[7, 10, 5]",79.8
middle,"[7, 10, 6]",79.8
middle,"[7, 10, 7]",79.8
middle,"[7, 10, 8]",79.8
middle,"[7, 10, 9]",79.8
middle,"[7, 10, 11]",79.8
middle,"[7, 10, 12]",79.8
middle,"[7, 10, 13]",79.8
middle,"[7, 10, 14]",79.8
middle,"[7, 9, 2]",78.2
middle,"[7, 9, 3]",78.2
middle,"[7, 9, 4]",78.2
middle,"[7, 9, 5]",78.2
middle,"[7, 9, 6]",78.2
middle,"[7, 9, 7]",78.2
middle,"[7, 9, 8]",78.2
middle,"[7, 9, 10]",78.2
middle,"[7, 9, 11]",78.2
middle,"[7, 9, 12]",78.2
middle,"[7, 9, 13]",78.2
middle,"[7, 9, 14]",78.2
middle,"[7, 8, 2]",76.6
middle,"[7, 8, 3]",76.6
middle,"[7, 8, 4]",76.6
middle,"[7, 8, 5]",76.6
middle,"[7, 8, 6]",76.6
middle,"[7, 8, 7]",76.6
middle,"[7, 8, 9]",76.6
middle,"[7, 8, 10]",76.6
middle,"[7, 8, 11]",76.6
middle,"[7, 8, 12]",76.6
middle,"[7, 8, 13]",76.6
middle,"[7, 8, 14]",76.6
middle,"[7, 7, 2]",75.0
middle,"[7, 7, 3]",75.0
middle,"[7, 7, 4]",75.0
middle,"[7, 7, 5]",75.0
middle,"[7, 7, 6]",75.0
middle,"[7, 7, 8]",75.0
middle,"[7, 7, 9]",75.0
middle,"[7, 7, 10]",75.0
middle,"[7, 7, 11]",75.0
middle,"[7, 7, 12]",75.0
middle,"[7, 7, 13]",75.0
middle,"[7, 7, 14]",75.0
middle,"[7, 6, 2]",73.4
middle,"[7, 6, 3]",73.4
middle,"[7, 6, 4]",73.4
middle,"[7, 6, 5]",73.4
middle,"[7, 6, 7]",73.4
middle,"[7, 6, 8]",73.4
middle,"[7, 6, 9]",73.4
middle,"[7, 6, 10]",73.4
middle,"[7, 6, 11]",73.4
middle,"[7, 6, 12]",73.4
middle,"[7, 6, 13]",73.4
middle,"[7, 6, 14]",73.4
middle,"[7, 5, 2]",71.8
middle,"[7, 5, 3]",71.8
middle,"[7, 5, 4]",71.8
middle,"[7, 5, 6]",71.8
middle,"[7, 5, 7]",71.8
middle,"[7, 5, 8]",71.8
middle,"[7, 5, 9]",71.8
middle,"[7, 5, 10]",71.8
middle,"[7, 5, 11]",71.8
middle,"[7, 5, 12]",71.8
middle,"[7, 5, 13]",71.8
middle,"[7, 5, 14]",71.8
middle,"[7, 4, 2]",70.2
middle,"[7, 4, 3]",70.2
middle,"[7, 4, 5]",70.2
middle,"[7, 4, 6]",70.2
middle,"[7, 4, 7]",70.2
middle,"[7, 4, 8]",70.2
middle,"[7, 4, 9]",70.2
middle,"[7, 4, 10]",70.2
middle,"[7, 4, 11]",70.2
middle,"[7, 4, 12]",70.2
middle,"[7, 4, 13]",70.2
middle,"[7, 4, 14]",70.2
middle,"[7, 3, 2]",68.6
middle,"[7, 3, 4]",68.6
middle,"[7, 3, 5]",68.6
middle,"[7, 3, 6]",68.6
middle,"[7, 3, 7]",68.6
middle,"[7, 3, 8]",68.6
middle,"[7, 3, 9]",68.6
middle,"[7, 3, 10]",68.6
middle,"[7, 3, 11]",68.6
middle,"[7, 3, 12]",68.6
middle,"[7, 3, 13]",68.6
middle,"[7, 3, 14]",68.6
middle,"[7, 2, 3]",67.0
middle,"[7, 2, 4]",67.0
middle,"[7, 2, 5]",67.0
middle,"[7, 2, 6]",67.0
middle,"[7, 2, 7]",67.0
middle,"[7, 2, 8]",67.0
middle,"[7, 2, 9]",67.0
middle,"[7, 2, 10]",67.0
middle,"[7, 2, 11]",67.0
middle,"[7, 2, 12]",67.0
middle,"[7, 2, 13]",67.0
middle,"[7, 2, 14]",67.0
middle,"[6, 14, 2]",50.4
middle,"[6, 14, 3]",50.4
middle,"[6, 14, 4]",50.4
middle,"[6, 14, 5]",50.4
middle,"[6, 14, 6]",50.4
middle,"[6, 14, 7]",50.4
middle,"[6, 14, 8]",50.4
middle,"[6, 14, 9]",50.4
middle,"[6, 14, 10]",50.4
middle,"[6, 14, 11]",50.4
middle,"[6, 14, 12]",50.4
middle,"[6, 14, 13]",50.4
middle,"[6, 13, 2]",48.7
middle,"[6, 13, 3]",48.7
middle,"[6, 13, 4]",48.7
middle,"[6, 13, 5]",48.7
middle,"[6, 13, 6]",48.7
middle,"[6, 13, 7]",48.7
middle,"[6, 13, 8]",48.7
middle,"[6, 13, 9]",48.7
middle,"[6, 13, 10]",48.7
middle,"[6, 13, 11]",48.7
middle,"[6, 13, 12]",48.7
middle,"[6, 12, 2]",47.0
middle,"[6, 12, 3]",47.0
middle,"[6, 12, 4]",47.0
middle,"[6, 12, 5]",47.0
middle,"[6, 12, 6]",47.0
middle,"[6, 12, 7]",47.0
middle,"[6, 12, 8]",47.0
middle,"[6, 12, 9]",47.0
middle,"[6, 12, 10]",47.0
middle,"[6, 12, 11]",47.0
middle,"[6, 11, 2]",45.3
middle,"[6, 11, 3]",45.3
middle,"[6, 11, 4]",45.3
middle,"[6, 11, 5]",45.3
middle,"[6, 11, 6]",45.3
middle,"[6, 11, 7]",45.3
middle,"[6, 11, 8]",45.3
middle,"[6, 11, 9]",45.3
middle,"[6, 11, 10]",45.3
middle,"[6, 10, 2]",43.6
middle,"[6, 10, 3]",43.6
middle,"[6, 10, 4]",43.6
middle,"[6, 10, 5]",43.6
middle,"[6, 10, 6]",43.6
middle,"[6, 10, 7]",43.6
middle,"[6, 10, 8]",43.6
middle,"[6, 10, 9]",43.6
middle,"[6, 9, 2]",41.9
middle,"[6, 9, 3]",41.9
middle,"[6, 9, 4]",41.9
middle,"[6, 9, 5]",41.9
middle,"[6, 9, 6]",41.9
middle,"[6, 9, 7]",41.9
middle,"[6, 9, 8]",41.9
middle,"[6, 8, 2]",40.2
middle,"[6, 8, 3]",40.2
middle,"[6, 8, 4]",40.2
middle,"[6, 8, 5]",40.2
middle,"[6, 8, 6]",40.2
middle,"[6, 8, 7]",40.2
middle,"[6, 7, 2]",38.5
middle,"[6, 7, 3]",38.5
middle,"[6, 7, 4]",38.5
middle,"[6, 7, 5]",38.5
middle,"[6, 7, 6]",38.5
middle,"[6, 6, 2]",36.8
middle,"[6, 6, 3]",36.8
middle,"[6, 6, 4]",36.8
middle,"[6, 6, 5]",36.8
middle,"[6, 5, 2]",35.1
middle,"[6, 5, 3]",35.1
middle,"[6, 5, 4]",35.1
middle,"[6, 4, 2]",33.4
middle,"[6, 4, 3]",33.4
middle,"[6, 3, 2]",31.7
middle,"[5, 14, 13]",18.8
middle,"[5, 14, 5]",18.8
middle,"[5, 13, 12]",17.71
middle,"[5, 12, 11]",16.62
middle,"[5, 11, 10]",15.53
middle,"[5, 10, 9]",14.44
middle,"[5, 9, 8]",13.36
middle,"[5, 8, 7]",12.27
middle,"[5, 7, 6]",11.18
middle,"[5, 6, 5]",10.09
middle,"[5, 5, 4]",9.0
middle,"[4, 14]",57.0
middle,"[4, 13]",56.0
middle,"[4, 12]",55.0
middle,"[4, 11]",54.0
middle,"[4, 10]",53.0
middle,"[4, 9]",52.0
middle,"[4, 8]",51.0
middle,"[4, 7]",50.0
middle,"[4, 6]",49.0
middle,"[4, 5]",48.0
middle,"[4, 4]",47.0
middle,"[4, 3]",46.0
middle,"[4, 2]",45.0
middle,"[3, 14, 2]",6.8
middle,"[3, 14, 3]",6.8
middle,"[3, 14, 4]",6.8
middle,"[3, 14, 5]",6.8
middle,"[3, 14, 6]",6.8
middle,"[3, 14, 7]",6.8
middle,"[3, 14, 8]",6.8
middle,"[3, 14, 9]",6.8
middle,"[3, 14, 10]",6.8
middle,"[3, 14, 11]",6.8
middle,"[3, 14, 12]",6.8
middle,"[3, 14, 13]",6.8
middle,"[3, 13, 2]",6.4
middle,"[3, 13, 3]",6.4
middle,"[3, 13, 4]",6.4
middle,"[3, 13, 5]",6.4
middle,"[3, 13, 6]",6.4
middle,"[3, 13, 7]",6.4
middle,"[3, 13, 8]",6.4
middle,"[3, 13, 9]",6.4
middle,"[3, 13, 10]",6.4
middle,"[3, 13, 11]",6.4
middle,"[3, 13, 12]",6.4
middle,"[3, 12, 2]",6.0
middle,"[3, 12, 3]",6.0
middle,"[3, 12, 4]",6.0
middle,"[3, 12, 5]",6.0
middle,"[3, 12, 6]",6.0
middle,"[3, 12, 7]",6.0
middle,"[3, 12, 8]",6.0
middle,"[3, 12, 9]",6.0
middle,"[3, 12, 10]",6.0
middle,"[3, 12, 11]",6.0
middle,"[3, 11, 2]",5.6
middle,"[3, 11, 3]",5.6
middle,"[3, 11, 4]",5.6
middle,"[3, 11, 5]",5.6
middle,"[3, 11, 6]",5.6
middle,"[3, 11, 7]",5.6
middle,"[3, 11, 8]",5.6
middle,"[3, 11, 9]",5.6
middle,"[3, 11, 10]",5.6
middle,"[3, 10, 2]",5.2
middle,"[3, 10, 3]",5.2
middle,"[3, 10, 4]",5.2
middle,"[3, 10, 5]",5.2
middle,"[3, 10, 6]",5.2
middle,"[3, 10, 7]",5.2
middle,"[3, 10, 8]",5.2
middle,"[3, 10, 9]",5.2
middle,"[3, 9, 2]",4.8
middle,"[3, 9, 3]",4.8
middle,"[3, 9, 4]",4.8
middle,"[3, 9, 5]",4.8
middle,"[3, 9, 6]",4.8
middle,"[3, 9, 7]",4.8
middle,"[3, 9, 8]",4.8
middle,"[3, 8, 2]",4.4
middle,"[3, 8, 3]",4.4
middle,"[3, 8, 4]",4.4
middle,"[3, 8, 5]",4.4
middle,"[3, 8, 6]",4.4
middle,"[3, 8, 7]",4.4
middle,"[3, 7, 2]",4.0
middle,"[3, 7, 3]",4.0
middle,"[3, 7, 4]",4.0
middle,"[3, 7, 5]",4.0
middle,"[3, 7, 6]",4.0
middle,"[3, 6, 2]",3.6
middle,"[3, 6, 3]",3.6
middle,"[3, 6, 4]",3.6
middle,"[3, 6, 5]",3.6
middle,"[3, 5, 2]",3.2
middle,"[3, 5, 3]",3.2
middle,"[3, 5, 4]",3.2
middle,"[3, 4, 2]",2.8
middle,"[3, 4, 3]",2.8
middle,"[3, 3, 2]",2.4
middle,"[2, 14, 13]",2.599
middle,"[2, 14, 12]",2.598
middle,"[2, 14, 11]",2.597
middle,"[2, 14, 10]",2.596
middle,"[2, 14, 9]",2.595
middle,"[2, 14, 8]",2.594
middle,"[2, 14, 7]",2.593
middle,"[2, 14, 6]",2.592
middle,"[2, 14, 5]",2.591
middle,"[2, 14, 4]",2.59
middle,"[2, 14, 3]",2.589
middle,"[2, 14, 2]",2.588
middle,"[2, 13, 14]",2.4
middle,"[2, 13, 12]",2.398
middle,"[2, 13, 11]",2.397
middle,"[2, 13, 10]",2.396
middle,"[2, 13, 9]",2.395
middle,"[2, 13, 8]",2.394
middle,"[2, 13, 7]",2.393
middle,"[2, 13, 6]",2.392
middle,"[2, 13, 5]",2.391
middle,"[2, 13, 4]",2.39
middle,"[2, 13, 3]",2.389
middle,"[2, 13, 2]",2.388
middle,"[2, 12, 14]",2.2
middle,"[2, 12, 13]",2.199
middle,"[2, 12, 11]",2.197
middle,"[2, 12, 10]",2.196
middle,"[2, 12, 9]",2.195
middle,"[2, 12, 8]",2.194
middle,"[2, 12, 7]",2.193
middle,"[2, 12, 6]",2.192
middle,"[2, 12, 5]",2.191
middle,"[2, 12, 4]",2.19
middle,"[2, 12, 3]",2.189
middle,"[2, 12, 2]",2.188
middle,"[2, 11, 14]",2.0
middle,"[2, 11, 13]",1.999
middle,"[2, 11, 12]",1.998
middle,"[2, 11, 10]",1.996
middle,"[2, 11, 9]",1.995
middle,"[2, 11, 8]",1.994
middle,"[2, 11, 7]",1.993
middle,"[2, 11, 6]",1.992
middle,"[2, 11, 5]",1.991
middle,"[2, 11, 4]",1.99
middle,"[2, 11, 3]",1.989
middle,"[2, 11, 2]",1.988
middle,"[2, 10, 14]",1.8
middle,"[2, 10, 13]",1.799
middle,"[2, 10, 12]",1.798
middle,"[2, 10, 11]",1.797
middle,"[2, 10, 9]",1.795
middle,"[2, 10, 8]",1.794
middle,"[2, 10, 7]",1.793
middle,"[2, 10, 6]",1.792
middle,"[2, 10, 5]",1.791
middle,"[2, 10, 4]",1.79
middle,"[2, 10, 3]",1.789
middle,"[2, 10, 2]",1.788
middle,"[2, 9, 14]",1.6
middle,"[2, 9, 13]",1.599
middle,"[2, 9, 12]",1.598
middle,"[2, 9, 11]",1.597
middle,"[2, 9, 10]",1.596
middle,"[2, 9, 8]",1.594
middle,"[2, 9, 7]",1.593
middle,"[2, 9, 6]",1.592
middle,"[2, 9, 5]",1.591
middle,"[2, 9, 4]",1.59
middle,"[2, 9, 3]",1.589
middle,"[2, 9, 2]",1.588
middle,"[2, 8, 14]",1.4
middle,"[2, 8, 13]",1.399
middle,"[2, 8, 12]",1.398
middle,"[2, 8, 11]",1.397
middle,"[2, 8, 10]",1.396
middle,"[2, 8, 9]",1.395
middle,"[2, 8, 7]",1.393
middle,"[2, 8, 6]",1.392
middle,"[2, 8, 5]",1.391
middle,"[2, 8, 4]",1.39
middle,"[2, 8, 3]",1.389
middle,"[2, 8, 2]",1.388
middle,"[2, 7, 14]",1.2
middle,"[2, 7, 13]",1.199
middle,"[2, 7, 12]",1.198
middle,"[2, 7, 11]",1.197
middle,"[2, 7, 10]",1.196
middle,"[2, 7, 9]",1.195
middle,"[2, 7, 8]",1.194
middle,"[2, 7, 6]",1.192
middle,"[2, 7, 5]",1.191
middle,"[2, 7, 4]",1.19
middle,"[2, 7, 3]",1.189
middle,"[2, 7, 2]",1.188
middle,"[2, 6, 14]",1.0
middle,"[2, 6, 13]",0.999
middle,"[2, 6, 12]",0.998
middle,"[2, 6, 11]",0.997
middle,"[2, 6, 10]",0.996
middle,"[2, 6, 9]",0.995
middle,"[2, 6, 8]",0.994
middle,"[2, 6, 7]",0.993
middle,"[2, 6, 5]",0.991
middle,"[2, 6, 4]",0.99
middle,"[2, 6, 3]",0.989
middle,"[2, 6, 2]",0.988
middle,"[2, 5, 14]",0.8
middle,"[2, 5, 13]",0.799
middle,"[2, 5, 12]",0.798
middle,"[2, 5, 11]",0.797
middle,"[2, 5, 10]",0.796
middle,"[2, 5, 9]",0.795
middle,"[2, 5, 8]",0.794
middle,"[2, 5, 7]",0.793
middle,"[2, 5, 6]",0.792
middle,"[2, 5, 4]",0.79
middle,"[2, 5, 3]",0.789
middle,"[2, 5, 2]",0.788
middle,"[2, 4, 14]",0.6
middle,"[2, 4, 13]",0.599
middle,"[2, 4, 12]",0.598
middle,"[2, 4, 11]",0.597
middle,"[2, 4, 10]",0.596
middle,"[2, 4, 9]",0.595
middle,"[2, 4, 8]",0.594
middle,"[2, 4, 7]",0.593
middle,"[2, 4, 6]",0.592
middle,"[2, 4, 5]",0.591
middle,"[2, 4, 3]",0.589
middle,"[2, 4, 2]",0.588
middle,"[2, 3, 14]",0.4
middle,"[2, 3, 13]",0.399
middle,"[2, 3, 12]",0.398
middle,"[2, 3, 11]",0.397
middle,"[2, 3, 10]",0.396
middle,"[2, 3, 9]",0.395
middle,"[2, 3, 8]",0.394
middle,"[2, 3, 7]",0.393
middle,"[2, 3, 6]",0.392
middle,"[2, 3, 5]",0.391
middle,"[2, 3, 4]",0.39
middle,"[2, 3, 2]",0.388
middle,"[2, 2, 14]",0.2
middle,"[2, 2, 13]",0.199
middle,"[2, 2, 12]",0.198
middle,"[2, 2, 11]",0.197
middle,"[2, 2, 10]",0.196
middle,"[2, 2, 9]",0.195
middle,"[2, 2, 8]",0.194
middle,"[2, 2, 7]",0.193
middle,"[2, 2, 6]",0.192
middle,"[2, 2, 5]",0.191
middle,"[2, 2, 4]",0.19
middle,"[2, 2, 3]",0.189
middle,"[1, 14, 2]",0.4
middle,"[1, 14, 3]",0.4
middle,"[1, 14, 4]",0.4
middle,"[1, 14, 5]",0.4
middle,"[1, 14, 6]",0.4
middle,"[1, 14, 7]",0.4
middle,"[1, 14, 8]",0.4
middle,"[1, 14, 9]",0.4
middle,"[1, 14, 10]",0.4
middle,"[1, 14, 11]",0.4
middle,"[1, 14, 12]",0.4
middle,"[1, 14, 13]",0.4
middle,"[1, 13, 2]",0.37
middle,"[1, 13, 3]",0.37
middle,"[1, 13, 4]",0.37
middle,"[1, 13, 5]",0.37
middle,"[1, 13, 6]",0.37
middle,"[1, 13, 7]",0.37
middle,"[1, 13, 8]",0.37
middle,"[1, 13, 9]",0.37
middle,"[1, 13, 10]",0.37
middle,"[1, 13, 11]",0.37
middle,"[1, 13, 12]",0.37
middle,"[1, 12, 2]",0.33
middle,"[1, 12, 3]",0.33
middle,"[1, 12, 4]",0.33
middle,"[1, 12, 5]",0.33
middle,"[1, 12, 6]",0.33
middle,"[1, 12, 7]",0.33
middle,"[1, 12, 8]",0.33
middle,"[1, 12, 9]",0.33
middle,"[1, 12, 10]",0.33
middle,"[1, 12, 11]",0.33
middle,"[1, 11, 2]",0.3
middle,"[1, 11, 3]",0.3
middle,"[1, 11, 4]",0.3
middle,"[1, 11, 5]",0.3
middle,"[1, 11, 6]",0.3
middle,"[1, 11, 7]",0.3
middle,"[1, 11, 8]",0.3
middle,"[1, 11, 9]",0.3
middle,"[1, 11, 10]",0.3
middle,"[1, 10, 2]",0.27
middle,"[1, 10, 3]",0.27
middle,"[1, 10, 4]",0.27
middle,"[1, 10, 5]",0.27
middle,"[1, 10, 6]",0.27
middle,"[1, 10, 7]",0.27
middle,"[1, 10, 8]",0.27
middle,"[1, 10, 9]",0.27
middle,"[1, 9, 2]",0.23
middle,"[1, 9, 3]",0.23
middle,"[1, 9, 4]",0.23
middle,"[1, 9, 5]",0.23
middle,"[1, 9, 6]",0.23
middle,"[1, 9, 7]",0.23
middle,"[1, 9, 8]",0.23
middle,"[1, 8, 2]",0.2
middle,"[1, 8, 3]",0.2
middle,"[1, 8, 4]",0.2
middle,"[1, 8, 5]",0.2
middle,"[1, 8, 6]",0.2
middle,"[1, 8, 7]",0.2
middle,"[1, 7, 2]",0.17
middle,"[1, 7, 3]",0.17
middle,"[1, 7, 4]",0.17
middle,"[1, 7, 5]",0.17
middle,"[1, 7, 6]",0.17
middle,"[1, 6, 2]",0.13
middle,"[1, 6, 3]",0.13
middle,"[1, 6, 4]",0.13
middle,"[1, 6, 5]",0.13
middle,"[1, 5, 2]",0.1
middle,"[1, 5, 3]",0.1
middle,"[1, 5, 4]",0.1
middle,"[1, 4, 2]",0.07
middle,"[1, 4, 3]",0.07
middle,"[1, 3, 2]",0.03
back,"[16, 14]",100.0
back,"[16, 13]",100.0
back,"[16, 12]",100.0
back,"[16, 11]",100.0
back,"[16, 10]",100.0
back,"[16, 9]",100.0
back,"[16, 8]",100.0
back,"[16, 7]",100.0
back,"[16, 6]",100.0
back,"[16, 5]",100.0
back,"[16, 4]",100.0
back,"[16, 3]",100.0
back,"[16, 2]",100.0
back,"[15, 14, 13]",99.9
back,"[15, 14, 5]",99.9
back,"[15, 13, 12]",99.9
back,"[15, 12, 11]",99.9
back,"[15, 11, 10]",99.9
back,"[15, 10, 9]",99.9
back,"[15, 9, 8]",99.9
back,"[15, 8, 7]",99.9
back,"[14, 14]",99.8
back,"[14, 13]",99.8
back,"[14, 12]",99.8
back,"[14, 11]",99.8
back,"[14, 10]",99.8
back,"[14, 9]",99.8
back,"[14, 8]",99.8
back,"[14, 7]",99.8
back,"[14, 6]",99.8
back,"[14, 5]",99.8
back,"[14, 4]",99.8
back,"[14, 3]",99.8
back,"[14, 2]",99.8
back,"[13, 14, 13]",99.7
back,"[13, 14, 5]",99.7
back,"[13, 13, 12]",99.7
back,"[13, 12, 11]",99.7
back,"[13, 11, 10]",99.7
back,"[13, 10, 9]",99.7
back,"[13, 9, 8]",99.7
back,"[13, 8, 7]",99.7
back,"[13, 7, 6]",99.7
back,"[12, 14]",99.5
back,"[12, 13]",99.4
back,"[12, 12]",99.3
back,"[12, 11]",99.2
back,"[12, 10]",99.1
back,"[12, 9]",99.0
back,"[12, 8]",98.9
back,"[12, 7]",98.8
back,"[12, 6]",98.7
back,"[12, 5]",98.6
back,"[12, 4]",98.5
back,"[12, 3]",98.4
back,"[12, 2]",98.3
back,"[11, 14, 13]",98.4
back,"[11, 14, 5]",98.4
back,"[11, 13, 12]",98.29
back,"[11, 12, 11]",98.18
back,"[11, 11, 10]",98.06
back,"[11, 10, 9]",97.95
back,"[11, 9, 8]",97.84
back,"[11, 8, 7]",97.72
back,"[11, 7, 6]",97.61
back,"[11, 6, 5]",97.5
back,"[10, 14]",95.9
back,"[10, 13]",95.6
back,"[10, 12]",95.3
back,"[10, 11]",95.0
back,"[10, 10]",94.7
back,"[10, 9]",94.4
back,"[10, 8]",94.1
back,"[10, 7]",93.8
back,"[10, 6]",93.5
back,"[10, 5]",93.2
back,"[10, 4]",92.9
back,"[10, 3]",92.6
back,"[10, 2]",92.3
back,"[9, 14, 13]",90.8
back,"[9, 14, 5]",90.8
back,"[9, 13, 12]",90.4
back,"[9, 12, 11]",90.0
back,"[9, 11, 10]",89.6
back,"[9, 10, 9]",89.2
back,"[9, 9, 8]",88.8
back,"[9, 8, 7]",88.4
back,"[9, 7, 6]",88.0
back,"[9, 6, 5]",87.6
back,"[9, 5, 4]",87.2
back,"[8, 14, 13]",78.999
back,"[8, 14, 12]",78.998
back,"[8, 14, 11]",78.997
back,"[8, 14, 10]",78.996
back,"[8, 14, 9]",78.995
back,"[8, 14, 8]",78.994
back,"[8, 14, 7]",78.993
back,"[8, 14, 6]",78.992
back,"[8, 14, 5]",78.991
back,"[8, 14, 4]",78.99
back,"[8, 14, 3]",78.989
back,"[8, 14, 2]",78.988
back,"[8, 13, 14]",77.33
back,"[8, 13, 12]",77.328
back,"[8, 13, 11]",77.327
back,"[8, 13, 10]",77.326
back,"[8, 13, 9]",77.325
back,"[8, 13, 8]",77.324
back,"[8, 13, 7]",77.323
back,"[8, 13, 6]",77.322
back,"[8, 13, 5]",77.321
back,"[8, 13, 4]",77.32
back,"[8, 13, 3]",77.319
back,"[8, 13, 2]",77.318
back,"[8, 12, 14]",75.67
back,"[8, 12, 13]",75.669
back,"[8, 12, 11]",75.667
back,"[8, 12, 10]",75.666
back,"[8, 12, 9]",75.665
back,"[8, 12, 8]",75.664
back,"[8, 12, 7]",75.663
back,"[8, 12, 6]",75.662
back,"[8, 12, 5]",75.661
back,"[8, 12, 4]",75.66
back,"[8, 12, 3]",75.659
back,"[8, 12, 2]",75.658
back,"[8, 11, 14]",74.0
back,"[8, 11, 13]",73.999
back,"[8, 11, 12]",73.998
back,"[8, 11, 10]",73.996
back,"[8, 11, 9]",73.995
back,"[8, 11, 8]",73.994
back,"[8, 11, 7]",73.993
back,"[8, 11, 6]",73.992
back,"[8, 11, 5]",73.991
back,"[8, 11, 4]",73.99
back,"[8, 11, 3]",73.989
back,"[8, 11, 2]",73.988
back,"[8, 10, 14]",72.33
back,"[8, 10, 13]",72.329
back,"[8, 10, 12]",72.328
back,"[8, 10, 11]",72.327
back,"[8, 10, 9]",72.325
back,"[8, 10, 8]",72.324
back,"[8, 10, 7]",72.323
back,"[8, 10, 6]",72.322
back,"[8, 10, 5]",72.321
back,"[8, 10, 4]",72.32
back,"[8, 10, 3]",72.319
back,"[8, 10, 2]",72.318
back,"[8, 9, 14]",70.67
back,"[8, 9, 13]",70.669
back,"[8, 9, 12]",70.668
back,"[8, 9, 11]",70.667
back,"[8, 9, 10]",70.666
back,"[8, 9, 8]",70.664
back,"[8, 9, 7]",70.663
back,"[8, 9, 6]",70.662
back,"[8, 9, 5]",70.661
back,"[8, 9, 4]",70.66
back,"[8, 9, 3]",70.659
back,"[8, 9, 2]",70.658
back,"[8, 8, 14]",69.0
back,"[8, 8, 13]",68.999
back,"[8, 8, 12]",68.998
back,"[8, 8, 11]",68.997
back,"[8, 8, 10]",68.996
back,"[8, 8, 9]",68.995
back,"[8, 8, 7]",68.993
back,"[8, 8, 6]",68.992
back,"[8, 8, 5]",68.991
back,"[8, 8, 4]",68.99
back,"[8, 8, 3]",68.989
back,"[8, 8, 2]",68.988
back,"[8, 7, 14]",67.33
back,"[8, 7, 13]",67.329
back,"[8, 7, 12]",67.328
back,"[8, 7, 11]",67.327
back,"[8, 7, 10]",67.326
back,"[8, 7, 9]",67.325
back,"[8, 7, 8]",67.324
back,"[8, 7, 6]",67.322
back,"[8, 7, 5]",67.321
back,"[8, 7, 4]",67.32
back,"[8, 7, 3]",67.319
back,"[8, 7, 2]",67.318
back,"[8, 6, 14]",65.67
back,"[8, 6, 13]",65.669
back,"[8, 6, 12]",65.668
back,"[8, 6, 11]",65.667
back,"[8, 6, 10]",65.666
back,"[8, 6, 9]",65.665
back,"[8, 6, 8]",65.664
back,"[8, 6, 7]",65.663
back,"[8, 6, 5]",65.661
back,"[8, 6, 4]",65.66
back,"[8, 6, 3]",65.659
back,"[8, 6, 2]",65.658
back,"[8, 5, 14]",64.0
back,"[8, 5, 13]",63.999
back,"[8, 5, 12]",63.998
back,"[8, 5, 11]",63.997
back,"[8, 5, 10]",63.996
back,"[8, 5, 9]",63.995
back,"[8, 5, 8]",63.994
back,"[8, 5, 7]",63.993
back,"[8, 5, 6]",63.992
back,"[8, 5, 4]",63.99
back,"[8, 5, 3]",63.989
back,"[8, 5, 2]",63.988
back,"[8, 4, 14]",62.33
back,"[8, 4, 13]",62.329
back,"[8, 4, 12]",62.328
back,"[8, 4, 11]",62.327
back,"[8, 4, 10]",62.326
back,"[8, 4, 9]",62.325
back,"[8, 4, 8]",62.324
back,"[8, 4, 7]",62.323
back,"[8, 4, 6]",62.322
back,"[8, 4, 5]",62.321
back,"[8, 4, 3]",62.319
back,"[8, 4, 2]",62.318
back,"[8, 3, 14]",60.67
back,"[8, 3, 13]",60.669
back,"[8, 3, 12]",60.668
back,"[8, 3, 11]",60.667
back,"[8, 3, 10]",60.666
back,"[8, 3, 9]",60.665
back,"[8, 3, 8]",60.664
back,"[8, 3, 7]",60.663
back,"[8, 3, 6]",60.662
back,"[8, 3, 5]",60.661
back,"[8, 3, 4]",60.66
back,"[8, 3, 2]",60.658
back,"[8, 2, 14]",59.0
back,"[8, 2, 13]",58.999
back,"[8, 2, 12]",58.998
back,"[8, 2, 11]",58.997
back,"[8, 2, 10]",58.996
back,"[8, 2, 9]",58.995
back,"[8, 2, 8]",58.994
back,"[8, 2, 7]",58.993
back,"[8, 2, 6]",58.992
back,"[8, 2, 5]",58.991
back,"[8, 2, 4]",58.99
back,"[8, 2, 3]",58.989
back,"[7, 14, 2]",45.0
back,"[7, 14, 3]",45.0
back,"[7, 14, 4]",45.0
back,"[7, 14, 5]",45.0
back,"[7, 14, 6]",45.0
back,"[7, 14, 7]",45.0
back,"[7, 14, 8]",45.0
back,"[7, 14, 9]",45.0
back,"[7, 14, 10]",45.0
back,"[7, 14, 11]",45.0
back,"[7, 14, 12]",45.0
back,"[7, 14, 13]",45.0
back,"[7, 13, 2]",43.42
back,"[7, 13, 3]",43.42
back,"[7, 13, 4]",43.42
back,"[7, 13, 5]",43.42
back,"[7, 13, 6]",43.42
back,"[7, 13, 7]",43.42
back,"[7, 13, 8]",43.42
back,"[7, 13, 9]",43.42
back,"[7, 13, 10]",43.42
back,"[7, 13, 11]",43.42
back,"[7, 13, 12]",43.42
back,"[7, 13, 14]",43.42
back,"[7, 12, 2]",41.83
back,"[7, 12, 3]",41.83
back,"[7, 12, 4]",41.83
back,"[7, 12, 5]",41.83
back,"[7, 12, 6]",41.83
back,"[7, 12, 7]",41.83
back,"[7, 12, 8]",41.83
back,"[7, 12, 9]",41.83
back,"[7, 12, 10]",41.83
back,"[7, 12, 11]",41.83
back,"[7, 12, 13]",41.83
back,"[7, 12, 14]",41.83
back,"[7, 11, 2]",40.25
back,"[7, 11, 3]",40.25
back,"[7, 11, 4]",40.25
back,"[7, 11, 5]",40.25
back,"[7, 11, 6]",40.25
back,"[7, 11, 7]",40.25
back,"[7, 11, 8]",40.25
back,"[7, 11, 9]",40.25
back,"[7, 11, 10]",40.25
back,"[7, 11, 12]",40.25
back,"[7, 11, 13]",40.25
back,"[7, 11, 14]",40.25
back,"[7, 10, 2]",38.67
back,"[7, 10, 3]",38.67
back,"[7, 10, 4]",38.67
back,"[7, 10, 5]",38.67
back,"[7, 10, 6]",38.67
back,"[7, 10, 7]",38.67
back,"[7, 10, 8]",38.67
back,"[7, 10, 9]",38.67
back,"[7, 10, 11]",38.67
back,"[7, 10, 12]",38.67
back,"[7, 10, 13]",38.67
back,"[7, 10, 14]",38.67
back,"[7, 9, 2]",37.08
back,"[7, 9, 3]",37.08
back,"[7, 9, 4]",37.08
back,"[7, 9, 5]",37.08
back,"[7, 9, 6]",37.08
back,"[7, 9, 7]",37.08
back,"[7, 9, 8]",37.08
back,"[7, 9, 10]",37.08
back,"[7, 9, 11]",37.08
back,"[7, 9, 12]",37.08
back,"[7, 9, 13]",37.08
back,"[7, 9, 14]",37.08
back,"[7, 8, 2]",35.5
back,"[7, 8, 3]",35.5
back,"[7, 8, 4]",35.5
back,"[7, 8, 5]",35.5
back,"[7, 8, 6]",35.5
back,"[7, 8, 7]",35.5
back,"[7, 8, 9]",35.5
back,"[7, 8, 10]",35.5
back,"[7, 8, 11]",35.5
back,"[7, 8, 12]",35.5
back,"[7, 8, 13]",35.5
back,"[7, 8, 14]",35.5
back,"[7, 7, 2]",33.92
back,"[7, 7, 3]",33.92
back,"[7, 7, 4]",33.92
back,"[7, 7, 5]",33.92
back,"[7, 7, 6]",33.92
back,"[7, 7, 8]",33.92
back,"[7, 7, 9]",33.92
back,"[7, 7, 10]",33.92
back,"[7, 7, 11]",33.92
back,"[7, 7, 12]",33.92
back,"[7, 7, 13]",33.92
back,"[7, 7, 14]",33.92
back,"[7, 6, 2]",32.33
back,"[7, 6, 3]",32.33
back,"[7, 6, 4]",32.33
back,"[7, 6, 5]",32.33
back,"[7, 6, 7]",32.33
back,"[7, 6, 8]",32.33
back,"[7, 6, 9]",32.33
back,"[7, 6, 10]",32.33
back,"[7, 6, 11]",32.33
back,"[7, 6, 12]",32.33
back,"[7, 6, 13]",32.33
back,"[7, 6, 14]",32.33
back,"[7, 5, 2]",30.75
back,"[7, 5, 3]",30.75
back,"[7, 5, 4]",30.75
back,"[7, 5, 6]",30.75
back,"[7, 5, 7]",30.75
back,"[7, 5, 8]",30.75
back,"[7, 5, 9]",30.75
back,"[7, 5, 10]",30.75
back,"[7, 5, 11]",30.75
back,"[7, 5, 12]",30.75
back,"[7, 5, 13]",30.75
back,"[7, 5, 14]",30.75
back,"[7, 4, 2]",29.17
back,"[7, 4, 3]",29.17
back,"[7, 4, 5]",29.17
back,"[7, 4, 6]",29.17
back,"[7, 4, 7]",29.17
back,"[7, 4, 8]",29.17
back,"[7, 4, 9]",29.17
back,"[7, 4, 10]",29.17
back,"[7, 4, 11]",29.17
back,"[7, 4, 12]",29.17
back,"[7, 4, 13]",29.17
back,"[7, 4, 14]",29.17
back,"[7, 3, 2]",27.58
back,"[7, 3, 4]",27.58
back,"[7, 3, 5]",27.58
back,"[7, 3, 6]",27.58
back,"[7, 3, 7]",27.58
back,"[7, 3, 8]",27.58
back,"[7, 3, 9]",27.58
back,"[7, 3, 10]",27.58
back,"[7, 3, 11]",27.58
back,"[7, 3, 12]",27.58
back,"[7, 3, 13]",27.58
back,"[7, 3, 14]",27.58
back,"[7, 2, 3]",26.0
back,"[7, 2, 4]",26.0
back,"[7, 2, 5]",26.0
back,"[7, 2, 6]",26.0
back,"[7, 2, 7]",26.0
back,"[7, 2, 8]",26.0
back,"[7, 2, 9]",26.0
back,"[7, 2, 10]",26.0
back,"[7, 2, 11]",26.0
back,"[7, 2, 12]",26.0
back,"[7, 2, 13]",26.0
back,"[7, 2, 14]",26.0
back,"[6, 14, 2]",17.0
back,"[6, 14, 3]",17.0
back,"[6, 14, 4]",17.0
back,"[6, 14, 5]",17.0
back,"[6, 14, 6]",17.0
back,"[6, 14, 7]",17.0
back,"[6, 14, 8]",17.0
back,"[6, 14, 9]",17.0
back,"[6, 14, 10]",17.0
back,"[6, 14, 11]",17.0
back,"[6, 14, 12]",17.0
back,"[6, 14, 13]",17.0
back,"[6, 13, 2]",16.1
back,"[6, 13, 3]",16.1
back,"[6, 13, 4]",16.1
back,"[6, 13, 5]",16.1
back,"[6, 13, 6]",16.1
back,"[6, 13, 7]",16.1
back,"[6, 13, 8]",16.1
back,"[6, 13, 9]",16.1
back,"[6, 13, 10]",16.1
back,"[6, 13, 11]",16.1
back,"[6, 13, 12]",16.1
back,"[6, 12, 2]",15.2
back,"[6, 12, 3]",15.2
back,"[6, 12, 4]",15.2
back,"[6, 12, 5]",15.2
back,"[6, 12, 6]",15.2
back,"[6, 12, 7]",15.2
back,"[6, 12, 8]",15.2
back,"[6, 12, 9]",15.2
back,"[6, 12, 10]",15.2
back,"[6, 12, 11]",15.2
back,"[6, 11, 2]",14.3
back,"[6, 11, 3]",14.3
back,"[6, 11, 4]",14.3
back,"[6, 11, 5]",14.3
back,"[6, 11, 6]",14.3
back,"[6, 11, 7]",14.3
back,"[6, 11, 8]",14.3
back,"[6, 11, 9]",14.3
back,"[6, 11, 10]",14.3
back,"[6, 10, 2]",13.4
back,"[6, 10, 3]",13.4
back,"[6, 10, 4]",13.4
back,"[6, 10, 5]",13.4
back,"[6, 10, 6]",13.4
back,"[6, 10, 7]",13.4
back,"[6, 10, 8]",13.4
back,"[6, 10, 9]",13.4
back,"[6, 9, 2]",12.5
back,"[6, 9, 3]",12.5
back,"[6, 9, 4]",12.5
back,"[6, 9, 5]",12.5
back,"[6, 9, 6]",12.5
back,"[6, 9, 7]",12.5
back,"[6, 9, 8]",12.5
back,"[6, 8, 2]",11.6
back,"[6, 8, 3]",11.6
back,"[6, 8, 4]",11.6
back,"[6, 8, 5]",11.6
back,"[6, 8, 6]",11.6
back,"[6, 8, 7]",11.6
back,"[6, 7, 2]",10.7
back,"[6, 7, 3]",10.7
back,"[6, 7, 4]",10.7
back,"[6, 7, 5]",10.7
back,"[6, 7, 6]",10.7
back,"[6, 6, 2]",9.8
back,"[6, 6, 3]",9.8
back,"[6, 6, 4]",9.8
back,"[6, 6, 5]",9.8
back,"[6, 5, 2]",8.9
back,"[6, 5, 3]",8.9
back,"[6, 5, 4]",8.9
back,"[6, 4, 2]",8.0
back,"[6, 4, 3]",8.0
back,"[6, 3, 2]",7.1
back,"[5, 14, 13]",1.5
back,"[5, 14, 5]",1.5
back,"[5, 13, 12]",1.4
back,"[5, 12, 11]",1.3
back,"[5, 11, 10]",1.2
back,"[5, 10, 9]",1.1
back,"[5, 9, 8]",1.0
back,"[5, 8, 7]",0.9
back,"[5, 7, 6]",0.8
back,"[5, 6, 5]",0.7
back,"[5, 5, 4]",0.6
back,"[3, 14, 2]",0.5
back,"[3, 14, 3]",0.5
back,"[3, 14, 4]",0.5
back,"[3, 14, 5]",0.5
back,"[3, 14, 6]",0.5
back,"[3, 14, 7]",0.5
back,"[3, 14, 8]",0.5
back,"[3, 14, 9]",0.5
back,"[3, 14, 10]",0.5
back,"[3, 14, 11]",0.5
back,"[3, 14, 12]",0.5
back,"[3, 14, 13]",0.5
back,"[3, 13, 2]",0.46
back,"[3, 13, 3]",0.46
back,"[3, 13, 4]",0.46
back,"[3, 13, 5]",0.46
back,"[3, 13, 6]",0.46
back,"[3, 13, 7]",0.46
back,"[3, 13, 8]",0.46
back,"[3, 13, 9]",0.46
back,"[3, 13, 10]",0.46
back,"[3, 13, 11]",0.46
back,"[3, 13, 12]",0.46
back,"[3, 12, 2]",0.42
back,"[3, 12, 3]",0.42
back,"[3, 12, 4]",0.42
back,"[3, 12, 5]",0.42
back,"[3, 12, 6]",0.42
back,"[3, 12, 7]",0.42
back,"[3, 12, 8]",0.42
back,"[3, 12, 9]",0.42
back,"[3, 12, 10]",0.42
back,"[3, 12, 11]",0.42
back,"[3, 11, 2]",0.38
back,"[3, 11, 3]",0.38
back,"[3, 11, 4]",0.38
back,"[3, 11, 5]",0.38
back,"[3, 11, 6]",0.38
back,"[3, 11, 7]",0.38
back,"[3, 11, 8]",0.38
back,"[3, 11, 9]",0.38
back,"[3, 11, 10]",0.38
back,"[3, 10, 2]",0.34
back,"[3, 10, 3]",0.34
back,"[3, 10, 4]",0.34
back,"[3, 10, 5]",0.34
back,"[3, 10, 6]",0.34
back,"[3, 10, 7]",0.34
back,"[3, 10, 8]",0.34
back,"[3, 10, 9]",0.34
back,"[3, 9, 2]",0.3
back,"[3, 9, 3]",0.3
back,"[3, 9, 4]",0.3
back,"[3, 9, 5]",0.3
back,"[3, 9, 6]",0.3
back,"[3, 9, 7]",0.3
back,"[3, 9, 8]",0.3
back,"[3, 8, 2]",0.26
back,"[3, 8, 3]",0.26
back,"[3, 8, 4]",0.26
back,"[3, 8, 5]",0.26
back,"[3, 8, 6]",0.26
back,"[3, 8, 7]",0.26
back,"[3, 7, 2]",0.22
back,"[3, 7, 3]",0.22
back,"[3, 7, 4]",0.22
back,"[3, 7, 5]",0.22
back,"[3, 7, 6]",0.22
back,"[3, 6, 2]",0.18
back,"[3, 6, 3]",0.18
back,"[3, 6, 4]",0.18
back,"[3, 6, 5]",0.18
back,"[3, 5, 2]",0.14
back,"[3, 5, 3]",0.14
back,"[3, 5, 4]",0.14
back,"[3, 4, 2]",0.1
back,"[3, 4, 3]",0.1
back,"[3, 3, 2]",0.06